https://book.douban.com/subject/25985021/, 人类简史 : 从动物到上帝 , [以色列]尤瓦尔·赫拉利 林俊宏 中信出版社 2014-11-1 CNY 68.00 ,9.2,十万年前，地球上至少有六种不同的人 但今日，世界舞台为什么只剩下了我们自己？ 从只能啃食虎狼吃剩的残骨的猿人，到跃居食物链顶端的智人， 从雪维洞穴壁上的原始... ,
https://book.douban.com/subject/26698660/, 巨人的陨落 : 世纪三部曲 , [英] 肯·福莱特 于大卫 江苏凤凰文艺出版社 2016-5-1 129.80元 ,9.0,在第一次世界大战的硝烟中，每一个迈向死亡的生命都在热烈地生长——威尔士的矿工少年、刚失恋的美国法律系大学生、穷困潦倒的俄国兄弟、富有英俊的英格兰伯爵，以及痴... ,
https://book.douban.com/subject/26957760/, 世界的凛冬 : 世纪三部曲 2 , [英] 肯·福莱特 陈杰 江苏凤凰文艺出版社 2017-3-1 132.00（全三册） ,9.2,我亲眼目睹，每一个迈向死亡的生命都在热烈地生长。 全球读者平均3个通宵读完的超级小说《巨人的陨落》的续篇！ 火遍全球的20世纪人类史诗“世纪三部曲”第二部。... ,
https://book.douban.com/subject/1003479/, 中国历代政治得失 , 钱穆 生活·读书·新知三联书店 2001 12.00元 ,9.1,《中国历代政治得失》为作者的专题演讲合集，分别就中国汉、唐、宋、明、清五代的政府组织、百官职权、考试监察、财经赋税、兵役义务等种种政治制度作了提要勾玄的概观... ,
https://book.douban.com/subject/3239549/, 夹边沟记事 , 杨显惠 花城出版社 2008-09 34.00元 ,9.2,这是一段尘封四十年的历史，当年的幸存者散落在各个角落，没有人问过他们到底发生了什么，当年的死难者早已化为白骨，连他们的后代也不知道埋在何处。幸亏杨显惠这位有... ,
https://book.douban.com/subject/1046492/, 國史大綱（上下） , 錢穆 商務印書館 2013-8 76.00元 ,9.3,這是一部中國通史，因用大學教科書體例寫成，不得不力求簡要，僅舉大納，刪其瑣節。內容於學術思想，政治制度，社會風氣，國際形勢，兼有顧及，惟但求其通為一體，明其... ,
https://book.douban.com/subject/3674537/, 明朝那些事儿（1-9） : 限量版 , 当年明月 中国海关出版社 2009-4 358.20元 ,9.2,《明朝那些事儿》讲述从1344年到1644年，明朝三百年间的历史。作品以史料为基础，以年代和具体人物为主线，运用小说的笔法，对明朝十七帝和其他王公权贵和小人... ,
https://book.douban.com/subject/26961138/, 姚著中国史 : 超越汉族中心主义的中国史 , 姚大中 华夏出版社 2017-1-1 CNY 398.00 ,9.4,《姚著中国史》是台湾著名历史学者姚大中先生毕生精力创作的著作。本书打破了经济史、政治史、文化史、民族史的界线，以全新的架构叙述了从远古到清代的中国历史。作者... ,
https://book.douban.com/subject/1675478/, 天朝的崩溃 : 鸦片战争再研究 , 茅海建 生活·读书·新知三联书店 2005-7 32.00元 ,9.0,《天朝的崩溃》是作者系统研究鸦片战争十余年所得的成果。作者详尽考订了与战争相关的一系列重要史实，力图以当时的道德观念、思维方式与行为规范去理解历史，使许多在... ,
https://book.douban.com/subject/26451505/, 伯罗奔尼撒战争 , [美] 唐纳德·卡根 陆大鹏 社会科学文献出版社 2016-4 79.00元 ,9.1,在公元前5世纪末的近三十年里，古典世界被一场冲突撕扯得四分五裂，那就是伯罗奔尼撒战争。在其历史背景之下，这场战争的戏剧性、决定性和毁灭性可以与20世纪的两次... ,
https://book.douban.com/subject/1077847/, 史记（全十册） , 司马迁 （索引）司马贞，（正义）张守节 中华书局 1982-11 125.00 ,9.5,史记是我国第一部通史。在史记之前，有以年代为次的“编年史”如春秋，有以地域为限的“国别史”如国语、战国策，有以文告档卷形式保存下来的“政治史”如尚书，可是没... ,
https://book.douban.com/subject/25883305/, 阿拉伯的劳伦斯 : 战争、谎言、帝国愚行与现代中东的形成 , [美] 斯科特·安德森 陆大鹏 社会科学文献出版社 2014-9-1 72.00元 ,9.1,1914年第一次世界大战爆发以后，德国的盟友土耳其趁机侵入阿拉伯半岛，而该地区的各个部族处于一盘散沙的状态，无力抵抗土耳其侵略军。英国军方派了“阿拉伯通”陆... ,
https://book.douban.com/subject/25746578/, 大英博物馆世界简史 , [英]尼尔•麦格雷戈 余燕 新星出版社 2014-1 108.00元 ,9.2,◎ 从大英博物馆800万件馆藏中精选100件藏品 讲述人类200万年历史 ◎ 大英博物馆、英国国家广播公司（BBC） 联手打造 ◎ 大英博物馆馆长尼尔•... ,
https://book.douban.com/subject/1062343/, 昨日的世界 : 一个欧洲人的回忆 , [奥］斯蒂芬・茨威格 舒昌善、孙龙生、刘春华、戴奎生 广西师范大学出版社 2004-5 32.00元 ,9.2,作者以饱满真挚的感情、平实顺畅的文宇叙述了他所认识的特定时期的各种人物，他亲身经历的社会政治事件，他对那个动荡不安的时代的感受，记录了当时欧洲从一战前夜到二... ,
https://book.douban.com/subject/26639302/, 世界的演变 : 19世纪史 , 于尔根·奥斯特哈默 强朝晖、刘风 社会科学文献出版社 2016-11-1 CNY 238.00 ,9.3,一部经典之作！ · 【内容简介】 从19世纪开始，人类现代史即将拉开序幕。这是一个重大政治理念汇聚的时代，是“此在”科学化的时代，是铁路与工业的时代，是各大... ,
https://book.douban.com/subject/25902942/, 文明之光（第一册） , 吴军 人民邮电出版社 2014-6-25 59.00元 ,9.0,人类的历史，是从野蛮蒙昧一步步走向文明进步的过程。在文明的进程中，人类创造出多元的文化，它们有着各自的特长。要实现人类和平发展的终极理想，一个重要的前提是承... ,
https://book.douban.com/subject/20441569/, 被淹没和被拯救的 , [意] 普里莫·莱维 杨晨光 三辉图书 上海三联书店 2013-3 32.00元 ,9.1,本书是意大利最具知识分子良心的天才作家普里莫•莱维的最后作品。莱维以生命完成了对纳粹暴行的见证，他的简明易懂的作品是对生活奇妙的赞颂，证明了人类的精神无法被... ,
https://book.douban.com/subject/25891318/, 1453 : 君士坦丁堡之战 , [英] 罗杰·克劳利 陆大鹏 社会科学文献出版社·甲骨文 2014-6 49.00元 ,9.0,本书是罗杰·克劳利著名的“地中海史诗三部曲”之一。 1453 君士坦丁堡的战火，两个文明的撞击 《今日美国》夏季最佳图书 《旧金山纪事报》夏季最佳图书 克... ,
https://book.douban.com/subject/20503529/, 古拉格 , (美)安妮·阿普尔鲍姆 戴大洪 新星出版社 2013-4-1 78.00元 ,9.2,在这部受到普遍称赞的权威性的《古拉格:一部历史》著作中，安妮•阿普尔鲍姆第一次对古拉格——一个大批关押了成百上千万政治犯和刑事犯的集中营——进行了完全纪实性... ,
https://book.douban.com/subject/1027191/, 历史深处的忧虑 : 近距离看美国之一 , 林达 生活·读书·新知三联书店 1997-5 19.00元 ,9.0,美国的面积和中国差不多。和大多数留学生及新移民一样，当我们一脚踏上这块广袤的陌生土地时，最初落脚点的选择是十分偶然的。我们落在了一个普通的地方，居住的环境平... ,
https://book.douban.com/subject/26354440/, 野蛮大陆 : 第二次世界大战后的欧洲 , [英]基思•罗威（Keith Lowe） 黎英亮 社会科学文献出版社 2015-7 72.00元 ,9.0,《星期日泰晤士报》十佳畅销书 荣获英国笔会 赫塞尔-提尔曼历史图书奖 立足于八种语言的原始档案、访谈记录、学术著作，《野蛮大陆》如同一扇窗户，让我们得以窥见... ,
https://book.douban.com/subject/27007549/, 中央帝国的财政密码 , 郭建龙 鹭江出版社 2017-4 68.00 ,9.7,“国富”一定“民强”？帝国“盛极而衰背后的历史逻辑到底是什么？ 以故事的方式诠释中国历代财政制度之得失，拨开两千余年帝国制度的迷雾，把握王侯将相之外更深层的... ,
https://book.douban.com/subject/25777432/, 罗马人的故事（礼品装，全15册） , 盐野七生 徐越、计丽屏、刘锐、田建华、田建国 中信出版社 2013-11-1 600.00元 ,9.1,1、内容简介 《罗马人的故事》（15册套装），完美收官。最值得收藏的罗马史经典。在这平庸年代，人人渴望英雄，日本女作家盐野七生，决然出走日本，远赴罗马，寻找... ,
https://book.douban.com/subject/25891321/, 海洋帝国 : 地中海大决战 , 罗杰·克劳利 (Roger Crowley) 陆大鹏 社会科学文献出版社·甲骨文 2014-6 55.00元 ,9.0,海洋帝国 从马耳他到勒班陀，夺取世界的中心 《纽约时报》最佳畅销图书 《经济学人》年度最佳图书 在整个欧洲史中，没有任何故事比基督教和伊斯兰教两个世界争夺... ,
https://book.douban.com/subject/1030503/, 东晋门阀政治 , 田余庆 北京大学出版社 2005-6-1 30.0 ,9.2,本书讲述的是从公元4世纪初年至5世纪初年的百余年间，江左几家侨姓门阀士族与司马氏皇权结合而运转的政治历史。虽不是全面的东晋政治史，但从东晋门阀士族的兴替和门... ,
https://book.douban.com/subject/6533042/, 南明史 , 顾诚 光明日报出版社 2011-8-1 88.00元 ,9.3,本书特点是基本上以大顺军、大西军余部及郑成功等民众抗清斗争为主线；贯串全书的脉络是强调历时二十年的抗清斗争失败的主要原因是抗清势力内部矛盾重重，严重分散，抵... ,
https://book.douban.com/subject/1076378/, 传统十论 : 本土社会的制度、文化与其变革 , 秦晖 复旦大学出版社 2004-09-01 18.00 ,9.1,本书所收的系列文章主要是对传统社会与文化本身的结构性研究。作者不满于过去流行的“租佃神话”和“宗族神话”，主张在社会-经济分析与思想-文化分析的综合与融会中... ,
https://book.douban.com/subject/26907172/, 莫扎特与纳粹 : 第三帝国对一个文化偶像的歪曲滥用 , 艾瑞克•莱维 (Erik Levi) 杨宁 广西师范大学出版社 2017-3-1 CNY 68.00 ,9.3,莫扎特提倡的人道主义世界观和纳粹思想尽管明显不相容，第三帝国仍将这位伟大作曲家的音乐用于巩固自己的政权。本书作者艾瑞克•莱维查阅了期刊、日记、演讲稿等大量档... ,
https://book.douban.com/subject/26861418/, 奥斯维辛 : 一部历史 , [英] 劳伦斯•里斯 刘爽 广西师范大学出版社 2016-9 CNY 64.00 ,9.2,有奥斯维辛，就不能有上帝的存在。——普里莫•莱维 无论我在思考什么，总要思考奥斯维辛。感谢那些要求、甚至逼迫我们讲述一切的人，因为他们想听到、想知道发生在奥... ,
https://book.douban.com/subject/26905142/, 罗马帝国的陨落 : 一部新的历史 , 彼得•希瑟 (Peter Heather) 向俊 中信出版社·新思文化 2016-11-30 88 ,9.5,再现罗马走向衰亡的悲壮史诗，追问帝国倾覆的真正根源，严谨研究和流畅书写的完美融合，全球热销50万册！革新爱德华•吉本的事业，半个多世纪以来罗马史研究的集大成... ,
https://book.douban.com/subject/1982427/, 大明王朝1566 , 刘和平 人民文学出版社 2007-1-1 59.00元 ,9.1,揭开中国历史上最另类的皇帝嘉靖数十年不上朝的执政之谜 揭示中国历史上清官海瑞以“智忠”代“愚忠”的为官之道 揭露清修明史列为奸臣之最首辅严嵩权极而衰的真相 ... ,
https://book.douban.com/subject/26901940/, 征服者 : 葡萄牙帝国的崛起 , [英] 罗杰·克劳利（Roger Crowley） 陆大鹏 社会科学文献出版社 2016-12-1 CNY 69.00 ,9.0,通过“地中海史诗三部曲”（《1453》《海洋帝国》《财富之城》），《纽约时报》畅销书作家罗杰•克劳利确立了自己的地位：他是我们这一代研究欧洲伟大航海帝国的卓... ,
https://book.douban.com/subject/1072295/, 資治通鑑（全二十冊） , [宋] 司馬光 編著、[元] 胡三省 音注 標點資治通鑒小組 校點 中華書局 1956-6 332.00元 ,9.3,《资治通鉴》是一部集体编写的历史巨著，主编是司马光，协修是刘恕、刘�和范祖禹，司马光的儿子司马康担任检阅文字的工作。它上起周威烈王二十三年（前400年），下... ,
https://book.douban.com/subject/4903692/, 东京梦华录 , 孟元老 中州古籍出版社 2010-6-1 20.00元 ,9.1,《东京梦华录》多记崇宁以后所见，时方以逸豫临下，故若彩山灯火，水殿争标，宝津男女诸戏，走马角射，及天宁节女队归骑，年少争迎，虽事隔前载，犹令人想见其盛。至如... ,
https://book.douban.com/subject/26992884/, 冰雪王国 : 美国军舰珍妮特号的极地远征 , [美] 汉普顿·塞兹 马睿 社会科学文献出版社 2017-4-1 82.00元 ,9.2,1879年7月8日，德隆告别了年轻的妻子，带领美国军舰珍妮特号从旧金山启航了，时逢“北极热 ”，前来送行的人群欢呼雀跃。德隆领导着33人的团队——带着一个年... ,
https://book.douban.com/subject/26603137/, 危机与重构 : 唐帝国及其地方诸侯 , 李碧妍 北京师范大学出版社 2015-8-30 79.80元 ,9.1,聂隐娘身处的时代与周遭具体如何？ 诸侯割据怎样促成了大唐帝国的重建并走向了自身的终结？ 作者于盘根错节之中抽丝剥笋，给人以读推理小说的奇妙感 “安史之乱”无... ,
https://book.douban.com/subject/26275177/, 文明之光 （第三册） , 吴军 人民邮电出版社 2015-1-1 59 ,9.0,【《文明之光》系列荣获由中宣部、中国图书评论学会和中央电视台联合推选的2014“中国好书”奖】 吴军博士从对人类文明产生了重大影响却在过去被忽略的历史故事里... ,
https://book.douban.com/subject/1315199/, 历史研究 , （英）阿诺德・汤因比 刘北成 上海人民出版社 2005-4-1 88.00 ,9.1,英国著名史学家阿诺德·汤因比的名著《历史研究》已为读者所熟悉，本书在内容和形式上与已出版的《历史研究》有所不同。它收入了支撑作者论点的大量历史例证，保留了更... ,
https://book.douban.com/subject/26667007/, 思虑20世纪 : 托尼·朱特思想自传 , [美] 托尼·朱特、[美] 蒂莫西·斯奈德 苏光恩 三辉图书 中信出版社 2016-1 68.00元 ,9.0,【内容简介】 《思虑20世纪》是当代最重要的历史学家、思想家托尼·朱特的绝唱，它将一个时代相互冲突的智识史统一进了一段高蹈的叙事当中。 20世纪是作为一个理... ,
https://book.douban.com/subject/1001356/, 世界文明史(全24册) , 威尔.杜兰(美) 东方出版社 1998-10 698.00 ,9.2,世界文明史，ISBN：9787506011570，作者：（美）威尔·杜兰（Will Durant）著；幼狮文化公司译 ,
https://book.douban.com/subject/27026387/, 柏林：一座城市的肖像 : 打开一本书，许你一座城。500年城市历史，21位柏林人，1个柏林 , [英] 罗里·麦克林 傅敬民 上海文艺出版社 2017-5-1 78.00元 ,9.0,柏林——当今世上最伟大的城市之一，它不仅是德国首都，也是欧洲最重要的经济文化重镇之一。进入此书，仿佛自己静止站立在柏林的街市，几百年的历史事件、声色犬马、白... ,
https://book.douban.com/subject/1055304/, 中国历史地图集（全八册） , 谭其骧 中国地图出版社 1982-10 482.00元 ,9.5,《中国历史地图集(1-8)》按历史时期分为8册： 第一册：原始社会·夏·商·西周·春秋·战国时期 第二册：秦·西汉·东汉时期 第三册：三国·西晋时期 第四册... ,
https://book.douban.com/subject/1056164/, 慈禧全传(六卷八册) , 高阳 中国友谊出版公司 1984-11 120.00元 ,9.0,Nonehttps://book.douban.com/subject/27009523/, 极简全球史 , 霍更斯 中国友谊出版公司 2017-5 45.00 ,9.4,本书是一部用极简方式讲述世界历史的进化，世界文明的发展及其对现代社会的影响。作者着眼于全球，侧重于那些有影响的、促进历史发展的历史事件，全书分为文明起步、蒙... ,
https://book.douban.com/subject/26848651/, 从历史中醒来 : 孙机谈中国古文物 , 孙机 生活·读书·新知三联书店 2016-8 78.00 ,9.0,《中国古代物质文化》作者孙机新作 文物学家、考古学家孙机叙谈古代文物，唤醒沉睡在博物馆中的千 年古物，讲述古代社会生活，把涉及社会生活方方面面的基本知识介绍... ,
https://book.douban.com/subject/26394018/, 生活与命运 , [俄罗斯] 瓦西里·格罗斯曼 力冈 广西师范大学出版社 2015-8-20 118.00元 ,9.1,★梁文道“最想为读者推荐的一本书”。《纽约时报》《华盛顿邮报》《华尔街日报》《卫报》《世界报》等全球媒体鼎力推荐，欧美书界誉为“当代的《战争与和平》”，“2... ,
https://book.douban.com/subject/26701098/, 骄傲之塔 : 战前世界的肖像，1890-1914 , [美] 巴巴拉·W.塔奇曼 陈丹丹 三辉图书 中信出版社 2016-4 78.00元 ,9.1,“一战”前世界众生的荣辱与挣扎，普利策奖两度获奖历史作家塔奇曼自己最钟爱的作品。 --------------------------- 【内容简介】 塔奇... ,
https://book.douban.com/subject/26911121/, 那年夏天 : 美国1927 , [美] 比尔·布莱森 闾佳 浙江人民出版社 2016-12-1 89.90元 ,9.1,1927年的美国已是一个实力雄厚的大国，正步入世界舞台的中心，将开创被后人称为“美国世纪”的新时代。但是，国家的成长也伴随着烦恼和彷徨，社会机制的失调虽然凸... ,
https://book.douban.com/subject/1014763/, 三国志（全五册） , [晋] 陈寿 撰、[宋] 裴松之 注 中华书局 2011-10 98.00元 ,9.2,《三国志》的版本很多，常见的有百衲本、清武英殿刻本、金陵活字本、江南书局刻本，其中百衲本是影印的，其余三种是刻本。当今最为通行的是中华书局新式校点本，它是对... ,
https://book.douban.com/subject/1315844/, 古拉格群岛（上中下） , [俄] 亚历山大·索尔仁尼琴 田大畏 等 群众出版社 1996-12 96.00元 ,9.2,“献给没有生存下来的诸君，要叙述此事他们已无能为力。但愿他们原谅我，没有看到一切，没有想起一切，没有猜到一切。” 1970年诺贝尔文学奖得主亚历山大・索尔仁... ,
https://book.douban.com/subject/1008094/, 春秋左傳注（全四冊） , 杨伯峻 中华书局 1990-01-01 71.70 ,9.3,《春秋左传》是我国现存最早的编年体史书，起自鲁隐公元年，迄于鲁哀公二十七年，是学习、研究先秦历史、文学、哲学和语言必读的典籍。作者积数十年之力，对左氏《春秋... ,
https://book.douban.com/subject/1444252/, 城市发展史 : 起源、演变和前景 , 芒福德 宋俊岭、倪文彦 中国建筑工业出版社 2005-1 98.00元 ,9.3,《城市发展史》(起源演变和前景)是美国著名的城市理论家、社会哲学家刘易斯·芒福德的重要理论著作之一，它着重从人文科学的角度系统地阐述了城市的起源和发展，并展... ,
https://book.douban.com/subject/10796986/, 魏晋之际的政治权力与家族网络 , 仇鹿鸣 上海古籍出版社 2012-6 56.00元 ,9.2,对魏晋之际的诸种研究，大体是站在陈寅恪先生相关论述的延长线上加以发展、修正，运用政治集团学说所具有的利弊在这一时段的研究中也有充分的体现。自从1980年代以... ,
https://book.douban.com/subject/1107841/, 战国策 , 宋韬 山西古籍 2003-1-1 10.0 ,9.0,《战国策》简称《国策》。相传原系战国时期各国史官或策士辑录，有《国策》、《国事》《事语》、《短长》、《长书》等不同名称。 这部书主要记载当时谋臣、策士游说各... ,
https://book.douban.com/subject/1254597/, 15至18世纪的物质文明、经济和资本主义（第一卷） : 日常生活的结构——可能和不可能 , [法] 费尔南·布罗代尔 顾良、施康强 生活·读书·新知三联书店 1992-11 27.80元 ,9.3,Nonehttps://book.douban.com/subject/3626924/, 明朝那些事儿（柒）：大结局 , 当年明月 中国海关出版社 2009年 29.80元 ,9.0,明朝最后一位皇帝，自来有许多传说。关于崇祯究竟是一个昏庸无能的皇帝，还是一个力图奋起的人，一直众说纷纭。不管怎么说，这是一个残酷的时代，也是一个精彩的时代。... ,
https://book.douban.com/subject/26947830/, 宋代科举社会 , 梁庚尧 东方出版中心有限公司 2017-2-28 CNY 45.00 ,9.1,科举制度在中国实行了一千三百多年，滥觞于隋唐，成熟于宋代。宋廷以考试选拔人才，不限门第，且因出版市场发达，教育机会扩大，知识传播日益普遍，许多没有家世背景的... ,
https://book.douban.com/subject/26916135/, 中国印刷史研究 , 辛德勇 生活·读书·新知三联书店 2016-11-1 CNY 54.00 ,9.0,印刷术的发明，是中国对人类文明的重大贡献。本书在前人的基础上，集中论述中国古代印刷发展史上三个最关键的基础性问题，也是此研究领域中的重大疑难问题。 上篇结合... ,
https://book.douban.com/subject/1017795/, 隋唐制度渊源略论稿 唐代政治史述论稿 , 陈寅恪 生活·读书·新知三联书店 2001-4 40.00元 ,9.6,这本书以陈寅恪执教期间备课讲义及其它零散史学原稿结集出版，为海内首次付印。遵作者生前愿望，全书采用繁体字竖排，人名、地名、书名均不加符号注明，一般采用通行字... ,
https://book.douban.com/subject/26825933/, 不含传说的普鲁士 , (德) 塞巴斯提安·哈夫纳 周全 北京大学出版社 2016-8 45.00 ,9.3,"普鲁士"早已烟消云散，但其对后世的影响至今在欧洲仍处处可见。它似乎集诸多矛盾于一身，既代表秩序、正直与宽容，也象征着军国主义。普鲁士王国强盛的时期，正是伟... ,
https://book.douban.com/subject/26841113/, 岁月沧桑 , 钱理群 东方出版中心 2016-7 49.00元 ,9.1,本书系著名学者钱理群教授沉思十年之作，也是其“20世纪中国知识分子精神史三部曲”之终卷。作者选择沈从文、梁漱溟、赵树理、废名、王瑶、郭小川、邵燕祥等重要、典... ,
https://book.douban.com/subject/1012929/, 二十四史 : 简体横排本 全63册 , 中华书局编辑部编著 中华书局 2000-01 1480.00 ,9.2,“二十四史”用统一的纪传体裁，系统、完整地记录清以前各个朝代的历史，共计3249卷，约4200万字。清代钦定为“正史”，堪称为清代以前中华文明史的全记录。为... ,
https://book.douban.com/subject/25902222/, 文明之光（第二册） , 吴军 人民邮电出版社 2014-6-25 CNY 59.00 ,9.0,【《文明之光》系列荣获由中宣部、中国图书评论学会和中央电视台联合推选的2014“中国好书”奖】 吴军博士从对人类文明产生了重大影响却在过去被忽略的历史故事里... ,
https://book.douban.com/subject/26834908/, 古代世界历史地图集 , Anne-Maria Wittke、Eckart Olshausen、Richard Szydlak 葛会鹏、古原驰、史湘洁、王聪 华东师范大学出版社 2016-8-1 398.00 ,9.0,《古代世界历史地图集》（Historischer Atlas der antiken Welt）是西方古典学界、古代史权威百科全书“新宝利”（德国）（Der... ,
https://book.douban.com/subject/1034470/, 柳如是别传（全三册） , 陈寅恪 生活·读书·新知三联书店 2001-1 98.00元 ,9.0,本书是国学大师陈寅恪先生全部著述中影响最大的一部。远在80年代上海古籍出版社曾经出版该书，却没有再版，读者长时间内只能面对绝版无可奈何。随着一代对文史类读物... ,
https://book.douban.com/subject/27015494/, 我们曾吃过一切 , [英]伊恩·克罗夫顿（Ian Crofton） 徐漪 清华大学出版社 2017-4 45.00元 ,9.3,人类首次施展厨艺的确切时间恐怕已无从考证了，不过间接的证据表明这可能是200万年前发生的事情。 甚至在那之前，我们的祖先也一定尝试过许多种野生的生冷食物，不... ,
https://book.douban.com/subject/26883500/, 在历史中寻找中国 : 关于区域史研究认识论的对话 , 刘志伟 东方出版中心有限公司 2016-10-1 CNY 30.00 ,9.0,本书以刘志伟与孙歌两位教授的对谈为主，附录罗艳春、周鑫对刘志伟教授做的访谈一篇。对谈双方在共享问题意识的前提下，围绕刘志伟教授及华南学派的研究展开对话，意在... ,
https://book.douban.com/subject/2245468/, 南京浩劫 : 被遗忘的大屠杀 , 张纯如 杨夏鸣 东方出版社 2007-8 28.00元 ,9.2,《南京浩劫：遗忘的大屠杀》的作者实地采访多位大屠杀幸存者，并佐以大量历史档案、第三方当事人的日记和书信，多视角回溯了南京大屠杀这一被遗忘的历史事件。书中讲述... ,
https://book.douban.com/subject/26802170/, 科雷马故事 , （俄）瓦尔拉姆·沙拉莫夫 黄柱宇、唐伯讷 广西师范大学出版社 2016-9 118.00元 ,9.2,沙拉莫夫以一种独特的文学形式，将在科雷马劳改营的所见所闻和亲身经历写成一系列“科雷马故事”。这些故事以其巨大的艺术和道德力量，向读者呈现出一个陌生然而真实的... ,
https://book.douban.com/subject/6709783/, 浪潮之巅 , 吴军 电子工业出版社 2011-8 55.00元 ,9.1,近一百多年来，总有一些公司很幸运地、有意识或无意识地站在技术革命的浪尖之上。在这十几年间，它们代表着科技的浪潮，直到下一波浪潮的来临。 从一百年前算起，AT... ,
https://book.douban.com/subject/26831765/, 远方之镜 : 动荡不安的14世纪 , [美] 巴巴拉·W·塔奇曼 邵文实 三辉图书 中信出版社 2016-9 98.00元 ,9.0,◆两度普利策奖获奖历史作家巴巴拉·塔奇曼最精致的作品 ◆以前所未有的程度深入文明与野蛮交织的中世纪欧洲 ◆忠实、完整、有趣地呈现中世纪历史的方方面面 ···... ,
https://book.douban.com/subject/1314467/, 读史方舆纪要 : 中国古代地理总志丛刊 , （清）顾祖禹、施和金、贺次君 中华书局 2005-3-1 596.00元 ,9.4,《读史方舆纪要》清初地理著作。原名《二十一史方舆纪要》。顾祖禹(1631－1692)撰。祖禹字景范，号宛溪先生，江苏无锡人。他自顺治十六年(1659)开始编... ,
https://book.douban.com/subject/4243276/, 田园诗与狂想曲 : 关中模式与前近代社会的再认识 , 秦晖、金雁 语文出版社 2010-01-01 38.00 ,9.3,本书为我国著名思考型学者秦晖的成名之作，初版于1996年。 作者以七十年前毛泽东与梁漱溟之间一次有关中国社会是否存在阶级对立问题的争论为契机，从分析旧中国“... ,
https://book.douban.com/subject/5906321/, 开放中的变迁 : 再论中国社会超稳定结构 , 金观涛、刘青峰 法律出版社 2011-1 46.00元 ,9.1,作者探讨1840至1956百多年间中国社会宏观结构的变迁的最新著作，观点新颖并富挑战性。作者不同意海内外的流行见解，即把中国近现代社会变迁视为传统社会的断裂... ,
https://book.douban.com/subject/1907655/, 东京梦华录笺注（上下） : 中国古代都城资料选刊丛书 , 宋·孟元老 伊永文 笺注 中华书局 2006-08-17 96.00元 ,9.4,《东京梦华录笺注(套装全2册)(竖排繁体)》主要讲述了：东京梦华录问世于南宋绍兴十七年（一一四七），从其书自序得知，作者为孟元老，但生平不详。清时，开封老儒... ,
https://book.douban.com/subject/27025036/, 清明上河图密码4 : 隐藏在千古名画中的阴谋与杀局 , 冶文彪 北京联合出版公司 2017-6-1 58.00 ,9.2,全图824位人物，每个人都有名有姓，佯装、埋伏在舟船车轿、酒肆楼阁中。看似太平盛世，其实杀机四伏。翻开本书，在小贩的叫卖声中，金、辽、西夏、高丽等国的间谍、... ,
https://book.douban.com/subject/3610090/, 第二次世界大战战史 , 李德•哈特 (Basil H.Liddell Hart) 上海人民出版社 2009-3-1 75.00元 ,9.0,第二次世界大战是人类有史以来规模最大的战争，无论是战火波及的区域、直接或间接参与的国家、生命财产的损失等，没有其他的战争堪与比拟。其所造成的冲击与影响，更是... ,
https://book.douban.com/subject/1139065/, 党员、党权与党争 : 1924-1949年中国国民党的组织形态 , 王奇生 上海书店出版社 2003-10 42.00元 ,9.0,《党员、党权与党争:1924-1949年中国国民党的组织形态》是著名史学家张海鹏领军打造学术传统，重开百年视界，再现问题热点，章开沅、杨天石推荐作序。 20... ,
https://book.douban.com/subject/1197950/, 希腊罗马名人传 , （古希腊）普鲁塔克 黄宏煦 主编、陆永庭、吴彭鹏 商务印书馆 1990-11 45.00元 ,9.1,《希腊罗马名人传》（The live of the Noble Grecians and Romans）又称《对传》（Parallel lives），简称《... ,
https://book.douban.com/subject/1055347/, 中国史纲 , 张荫麟 上海古籍出版社 1999-12-1 12.60 ,9.0,作者张荫麟先生为民国时期极具才华和思想的学者，曾受到其师辈们如梁启超、陈寅恪、钱穆等诸多大师的器重和期许，惜英年早逝，住世仅37年。 本书是他短暂... ,
https://book.douban.com/subject/1044499/, 菲利普二世时代的地中海和地中海世界（上下卷） , [法] 费尔南·布罗代尔 唐家龙、吴模信 等 商务印书馆 1996-12 48.00元；48.90元 ,9.3,本书是法国年鉴学派第二代代表人物、集大成者费尔南.布罗代尔的成名作和扛鼎之作，曾被译成十几种文字。本书从总体历史的思想出发，把16世纪后半期即西班牙国王菲利... ,
https://book.douban.com/subject/26942976/, 穿越丝路 : 发现世界的中国方式 , 李伟 中信出版社 2017-1 78 ,9.3,◎一部纵横1500年的中西交融史。丝绸之路串起了东方文明、印度文明、阿拉伯文明、波斯文明和欧洲文明，本书详细讲解了丝路沿线文化，为读者展现一幅文化与风物的盛... ,
https://book.douban.com/subject/26657740/, 再度觉醒 , [意] 普里莫·莱维（Primo Levi） 杨晨光 三辉图书 外语教学与研究出版社 2016-1 39.00元 ,9.0,【编辑推荐】 ◆奥斯维辛最重要的记录者和见证人，意大利国宝级作家，“欧洲最高尚、最不可或缺的作家之一”，卡尔维诺称其为“我们时代最重要、最富有天赋的作家之一... ,
https://book.douban.com/subject/26419408/, 清代旅蒙商述略 , 秋原 新星出版社 2015-5 32 ,9.2,《清代旅蒙商述略》的主角“清代旅蒙商”其实是中国传统社会最著名的商帮集团——晋商。谈及中国传统社会的商贾之道和商人集团，晋商都是绕不开的重头戏。明清两朝，特... ,
https://book.douban.com/subject/1315258/, 中国古代服饰研究 , 沈从文 上海书店出版社 2005-05 50.00 ,9.0,服饰是民族文化的重要组成部分，又是历史发展和社会时尚嬗替的标志之一。 《中国古代服饰研究》(世纪文库)文字清丽，斐然可读，插图丰富，多为珍品，是一部深受专家... ,
https://book.douban.com/subject/1427450/, 白话本国史 , 吕思勉 上海古籍出版社 2005-07 58.00元 ,9.0,本书初版于1923年9月，是第一部用白话文写成的中国通史。虽是一部学术性的专著但预设的读者对象却是青年学生，史识丰富，笔调流畅，数年内不断重印再版，是二三十... ,
https://book.douban.com/subject/1836621/, 两汉魏晋南北朝宰相制度研究 , 祝总斌 中国社会科学出版社 1990-10 20.00元 ,9.2,Nonehttps://book.douban.com/subject/2191536/, 资治通鉴-(柏杨白话版)(全九辑三十六册)(双盒装) , 司马光 北岳文艺 2007-03-01 882.0 ,9.1,资治通鉴（柏杨白话版）共九辑，为双盒精装。 《资治通鉴》柏杨白话版：《资治通鉴》是一部浓缩了中国古代政治运动、权力游戏的历史巨著，是古代帝王鉴于往事、资于治... ,
https://book.douban.com/subject/6100919/, 治史三书 , 严耕望 上海人民出版社 2011-6 36.00元 ,9.1,《治史三书》作者严耕望享誉国际史坛，是钱穆最欣赏的学生，胡适、杨联陞一致称许的史学大家，余英时誉之为中国史学界的朴实楷模。本书汇集了严耕望先生的三本小书《治... ,
https://book.douban.com/subject/6518053/, 脆弱的崛起 : 大战略与德意志帝国的命运 , 徐弃郁 新华出版社 2011-6 42.00元 ,9.0,Nonehttps://book.douban.com/subject/27005902/, 最后的士绅家族（上下册） , 张生全 广东人民出版社 2017-4 72.00元 ,9.2,柳江小镇位于四川西南边陲，风景秀丽，文化底蕴深厚。这里是前清皇帝老师曾璧光的故乡，当地人重读书，知礼仪，民风淳朴，积极进取，形成了以柳、唐、曾、张四大家族为... ,
https://book.douban.com/subject/24869701/, 无畏之海 : 第一次世界大战海战全史 , 章骞 山东画报出版社 2013-7-4 120.00元 ,9.4,第一次世界大战是1914年到1918年期间进行的人类历史上最初一场世界范围的战祸。虽说战事主要发生于欧洲，而且战场主要集中于法国北部、俄国西部以及巴尔干半岛... ,
https://book.douban.com/subject/26926338/, 遗失在西方的中国史 : 老北京皇城写真全图 , [瑞典] 喜仁龙 沈弘、聂书江 广东人民出版社 2017-1-1 198.00元 ,9.3,1921年，喜仁龙得到民国总统特许，考察了民国政府驻地中南海、北京的城墙与城门，并在溥仪的陪同下，进入故宫实地勘察和摄影。本书正是这次考察的精华集锦。 全书... ,
https://book.douban.com/subject/1065335/, 朱熹的历史世界(上下) : 宋代士大夫政治文化的研究 , 余英时 生活·读书·新知三联书店 2004-08 48.00 ,9.1,本书是关于宋代文化史与政治史的综合研究，尤其注重二者之间的互动关系。以研究的重心而论，文化史在儒学的复兴及其演进，政治史则在改革活动中所显现的权力结构与动作... ,
https://book.douban.com/subject/1172077/, 秦汉魏晋史探微（重订本） , 田余庆 中华书局 2004-2 44.0 ,9.1,《秦汉魏晋史探微》一书，辑存的是书名断代范围之内的近年读史之作。文章一般写在1979-1989的十年之间，少数文章定稿稍晚一点，但内容都是在这十年之中酝酿的... ,
https://book.douban.com/subject/1091964/, 路易·波拿巴的雾月十八日 , 马克思 中共中央马克思恩格斯列宁斯大林著作编译局 人民出版社 2001-9 9.50元 ,9.0,《路易·波拿巴的雾月十八日》是马克思针对1851年12月2日路易·波拿巴的政变而撰写的一部评述法国政局的著作。 ,
https://book.douban.com/subject/26919384/, 图解欧洲艺术史：16世纪 : 文艺复兴、威尼斯、拉斐尔与解剖学 , [意] 斯特凡诺·祖菲（Stefano Zuffi） 姜奕辉 北京联合出版公司 2017-3 88.00元 ,9.5,意大利专业艺术类出版社Electa经典艺术史普及读物领略雕刻版画开辟的新天地，感受“艺术灯塔”罗马的瑰丽★ 全新艺术史编排体系手中的艺术博物馆：首创从关键词... ,
https://book.douban.com/subject/4086800/, 陈寅恪集 : 全14册 , 陈寅恪 生活·读书·新知三联书店 2009-9 998.00元 ,9.2,《陈寅恪集》再版重印介绍 《陈寅恪集》自2001年1月至2002年6月由生活•读书•新知三联书店刊行。列入九五国家重点图书出版规划的《陈寅恪集》共计13种1... ,
https://book.douban.com/subject/3665980/, 从甲午到戊戌 : 康有为《我史》鉴注 , 茅海建 生活·读书·新知三联书店 2009 83.0 ,9.0,研究戊戌变法，康有为的自传《我史》是一本必读的书。 康有为的《我史》生前并没有发表，上世纪50年代更名《康南海自编年谱》出版，作为第一手材料的引用率极高；但... ,
https://book.douban.com/subject/26354200/, 华杉讲透孙子兵法 , 华杉 江苏文艺出版社 2015-4-5 39.80元 ,9.0,这回彻底读懂《孙子兵法》！通俗通透解读经典战例，逐字逐句讲透兵法原意。 《孙子兵法》6111字，似乎每个字都艰深玄奥，让很多人望而却步；其实，只要抓住兵法的... ,
https://book.douban.com/subject/1053109/, 封建社会（上、下卷） : 依附关系的成长+社会等级和政治制度 , （法）布洛赫 张绪山 商务印书馆 2004-10 48.00 ,9.0,《封建社会(套装上下册)》是研究封建社会的一部综合性巨著，它包括了西欧封建社会的经济、政治、文化心态等诸多结构。他明确地认为封建主义是一种社会类型（a ty... ,
https://book.douban.com/subject/26857201/, 宋末大变局.四川风云 上册 , 张生全 广东人民出版社 2016-9-1 39.80 ,9.0,羊也能吃掉狼？这不是奇迹，这是一个真实的故事： 南宋淳祐初年，蒙古铁骑大举进攻四川，四川主帅战死，蒙古兵锋直达夔门。余玠、俞兴等将领临危受命，智救成都，火烧... ,
https://book.douban.com/subject/2255277/, 魏晋南北朝史札记 , 周一良 中华书局 1985-3-1 34.00元 ,9.1,本书是作者对《三国志》、《晋书》、《宋书》、《南齐书》、《梁书》、《陈书》、《魏书》、《北齐书》、《周书》、《隋书》、《南史》、《北史》共十二部史书的读书笔... ,
https://book.douban.com/subject/26594676/, 古典传统 : 希腊—罗马对西方文学的影响 , [美]吉尔伯特·海厄特（Gilbert Highet) 王晨 北京联合出版公司·后浪出版公司 2015-10 78.00元 ,9.3,哈佛、耶鲁、普林斯顿、中国人民大学教授联合推荐 比较文学领域、古典文化接受史领域里程碑式著作 一部紧扣主脉、细节饱满、层次丰富的西方文学史 【推荐】 海厄特... ,
https://book.douban.com/subject/26376049/, 阿兰的战争 , [法]埃曼努埃尔·吉贝尔（Emmanuel Guibert） 孟蕊 北京联合出版公司·后浪出版公司 2015-8 128.00元（全三册） ,9.2,一名普通士兵的“二战心灵史” 一部最纪实最诗意的水墨图卷 《出版人周刊》“明星推荐”作品 荣获七项欧美漫画、图像小说大奖 【编辑推荐】 《阿兰的战争》是法国... ,
https://book.douban.com/subject/1446867/, 兩晉南北朝史（上下） , 吕思勉 上海古籍出版社 2005-11-1 98.00元 ,9.1,《两晋南北朝史》(上下)吕先生是二十世纪著名的历史学家，对中国古代史的研究，做出了巨大的贡献。《两晋南北朝史》是吕思勉先生的中国断代史系列著作的第三部。本次... ,
https://book.douban.com/subject/1480858/, 吕思勉读史札记 , 吕思勉 上海古籍出版社 2005-12-01 98.00元 ,9.1,《吕思勉读史札记》汇总了吕先生的全部已刊和未刊札记共762条，一百余万字。删节的部分，均按原文加以恢复补全。读者不仅可以见到吕先生读史札记的“全璧”，还可以... ,
https://book.douban.com/subject/1014825/, 我也有一个梦想 : 近距离看美国之三 , 林达 生活·读书·新知三联书店 2004-08 25.00元 ,9.0,本书通过精彩动人的故事，展示了美国种族问题相关联的，社会意识和法律演进史。介绍了在契约社会里，立法的民众基础，法律对人性的思考，法律的变化与社会理趟的关系等... ,
https://book.douban.com/subject/7064370/, 罗马人的故事2 : 汉尼拔战记 , 盐野七生 计丽屏 中信出版社 2011-12 39.00元 ,9.2,《罗马人的故事2:汉尼拔战记》以战争为题材，描述130年间罗马称霸地中海的历史，公元前218年—公元前202年，汉尼拔从西班牙率军，翻越阿尔卑斯山，进攻意大... ,
https://book.douban.com/subject/26908199/, 明代士大夫的精神世界 , 陈宝良 北京师范大学出版社 2017-1-1 CNY 85.00 ,9.1,本书从知识社会学的角度，通过思想与社会交互为用的研究，亦即从历史与社会的脉络去阐明明代士大夫阶层的知识与行动。这无疑与以往的研究过于偏向“观念史”（Hist... ,
https://book.douban.com/subject/26947840/, 竹简学 : 中国古代思想的探究 , [日]汤浅邦弘 白雨田 东方出版中心 2017-1 55元 ,9.3,汤浅邦弘教授是日本的中国出土文献研究领域的代表性学者，著述颇丰。本书收录了汤浅教授最近十年来关于竹简研究的重要论述。全书整体上分为三部分：第一部分以儒家思想... ,
https://book.douban.com/subject/2382863/, 六朝贵族制社会研究 : 日本中国史研究译丛 , 川胜义雄 徐谷梵、李济沧 上海古籍出版社 2008-01 49.00元 ,9.0,本书是日本著名中国史研究学者川胜义雄（1922-1984）的代表作。川胜在对后汉及魏晋南朝的历史进行精细的分析之后，认为中国六朝是个贵族制的社会，而如何思考... ,
https://book.douban.com/subject/26916855/, 中国通史 , 张荫麟、吕思勉、蒋廷黻 台海出版社 2017-1-1 CNY 108.00 ,9.7,泱泱华夏，上下五千年，通史著作不少，其中优秀者，往往既要史料翔实，又要文字优美，又或编写方法有独特创新。本套《中国通史》，将民国时期公认的几位史学大家的代表... ,
https://book.douban.com/subject/26776858/, 中国社会史 , 梁庚尧 东方出版中心 2016-5-1 58.00元 ,9.1,本书是中国社会史研究与撰述的重要创获。 作者以数十年专治中国史的功夫，于上古至近代各类文献、考古发现和前贤时彦的研究成果均有相当全面的掌握。其运思于传统中国... ,
https://book.douban.com/subject/3662567/, 近代中国史纲 , 郭廷以 格致出版社 2009-09-01 66.00 ,9.2,本书自公元前三世纪中国与国外的交通谈起，简述闳放昂扬之盛世，如何被历史大势扒至“数千年未有之变局”。进而用十九章，七十万言的篇幅，细述偌大一个中国，如何在内... ,
https://book.douban.com/subject/26831740/, 第一声礼炮 : 另一种视角下的美国革命 , [美]巴巴拉·W·塔奇曼 万里新 三辉图书 中信出版社 2016-9 58.00 ,9.1,【内容简介】 曾两次获得普利策奖的著名历史学家芭芭拉·W. 塔奇曼这次将视线投向自己的国家。塔奇曼以独特的方式精彩地分析了美国革命，将战争置于英国跟法国和荷... ,
https://book.douban.com/subject/1029723/, 汉书（全十二册） , 班固 颜师古 注释 中华书局 1962-06 177.00 ,9.2,《汉书》一百二十卷，是由十二本纪、八表、十志和七十列传组成的。所记启于汉高祖，止於王莽，都是西汉一代的史实，所以叫断代史（表、志也有不限於西汉的，如古今人表... ,
https://book.douban.com/subject/26954748/, 对于历史，科学家有话说 : 20世纪中国科学界的人与事 , 熊卫民 东方出版社 2017-3-1 CNY 52.00 ,9.3,跌宕起伏的二十世纪，中国科学界经历了哪些风雨苍黄与五味杂陈？ 十六位科技知识分子于耄耋之年对中国当代历史集体发声 不同身份、地位的历史见证者从各自角度回顾他... ,
https://book.douban.com/subject/6800122/, 泰晤士世界历史 , (英)理查德・奥弗里 新世纪出版社 2011-8 298.00元 ,9.1,《泰晤士世界历史》较第一版在内容上有较大的修订和充实，全书以全新的设计、更多的图片、重要的引文得到了国际学术和出版界的一致赞誉。这部大型的世界历史著作约有6... ,
https://book.douban.com/subject/1807798/, 洛阳伽蓝记校笺 , （北魏）杨衒之 杨勇 校笺 中华书局 2006-2 20.00元 ,9.0,杨衒之所著《洛阳伽蓝记》是北魏时期流传至今的一部重要典籍，内容虽以记载洛阳的佛寺为主，且以此为书题，但实际上包括了当时的政治、人物、风俗、地理以及传闻故事等... ,
https://book.douban.com/subject/1427023/, 希罗多德历史（上下） : 希腊波斯战争史 , 希罗多德 王以铸 商务印书馆 1959 36.20 ,9.0,《历史》一书史公元前五世纪希腊历史学家希罗多德所撰述的记述公元前六至五世纪波斯帝国河希腊诸城邦之间战争的一部历史名著。此书在西方一向被认为史最早的一部历史著... ,
https://book.douban.com/subject/1084730/, 辩论：美国制宪会议记录（上下） , [美] 麦迪逊 尹宣 辽宁教育出版社 2003-1 60.00元 ,9.3,《美国制宪会议记录辩论》(上下)记载了1787年美国建国之父们设计联邦政府的全过程，记录了代表们在每天会议上的发言。全书按麦迪逊在制宪会议期间的原始手稿排印... ,
https://book.douban.com/subject/1044347/, 走向共和（上中下） , 盛和煜、张建伟 民族出版社 2003-01 66.00 ,9.0,Nonehttps://book.douban.com/subject/26870760/, 摄影师 , [法]埃曼努埃尔·吉贝尔(编绘)、[法]迪迪埃·勒费伍尔(摄 口述)、[法]弗雷德里克·勒梅西埃(绘) 余轶 北京联合出版公司·后浪出版公司 2016-10 188.00元 ,9.2,一场封存了20年的人道之旅与战时回忆 还原给你一个真实的阿富汗 首部摄影与漫画结合的纪实文学 为你讲述那被遗忘的民族与历史 摄影与漫画史无前例的艺术结合 回... ,
https://book.douban.com/subject/20433554/, 关山夺路 : 王鼎钧回忆录四部曲之三 , 王鼎钧 生活·读书·新知三联书店 2013-1 36.00元 ,9.2,这是王鼎钧“回忆录四部曲”的第三部，着力描述不同身份、不同阶层、不同地域之间各色人物的面目与选择，以此来对应和诠释被意识形态长期遮蔽的真实历史，触及与国共内... ,
https://book.douban.com/subject/26952818/, 歷史中國的內與外 : 有關「中國」與「週邊」概念的再澄清 , 葛兆光 香港中文大學出版社 2017-2 ,9.1,葛兆光教授十年前開始推動「從周邊看中國」研究計劃，把日本、韓國、越南等地保存的有關中國史資料作為「新材料」，試圖提供重新認識東亞和中國的多重視角與立場。為此... ,
https://book.douban.com/subject/1037121/, 寒柳堂集 , 陈寅恪 生活·读书·新知三联书店 2001-4 30.00元 ,9.3,收录《论再生缘》、《论唐高祖称臣于突厥事》、《狐臭与胡臭》、《三国志曹冲华佗传与佛教故事》等11篇文章。 ,
https://book.douban.com/subject/26835224/, 罗马革命 , [英] 罗纳德 · 塞姆 呂厚量 商务印书馆 2016-5-1 CNY 110.00 ,9.4,罗马共和国向帝国过渡的权威之作，20世纪英语世界最出色的古罗马史家所著。《罗马革命》的最大价值在于对所谓“革命”的领导人奥古斯都及其追随者的细致入微且生动形... ,
https://book.douban.com/subject/26658022/, 紫禁城100 , 赵广超 故宫出版社 2015-10 196.00 ,9.4,九卷用笔画出来的故宫 《紫禁城100》全书共分九卷－－俯仰山川形胜，看“悠悠天下事”，看帝王种种，如何“隆重其事”，有“家事国事”、宫娥、心灵，都“事事关心... ,
https://book.douban.com/subject/25910407/, 统治史（卷一）：古代的王权和帝国——从苏美尔到罗马（修订版） , 塞缪尔•E•芬纳 王震、马百亮 华东师范大学出版社 2014-8 118 ,9.1,20世纪西方政治学领军人物芬纳的传世巨著，芝加哥大学教授赵鼎新亲为中译本作序，甘阳、张维为、刘军宁、汪晖倾力推荐！ 甘阳：一部《资治通鉴》式的政治史。 张维... ,
https://book.douban.com/subject/6895949/, 联合政府与一党训政 : 1944～1946年间国共政争 , 邓野 社会科学文献出版社 2011-11 58.00元 ,9.0,1944—1946年间，国共两党关于联合政府与一党训政的争论，是两种对立的国家政体的争论，是争取一个怎么样的抗战结果的争论，因而也是国共两党政治对立全部历史... ,
https://book.douban.com/subject/1058889/, 西洋世界军事史（全三卷） , （英）J.F.C富勒 钮先钟 广西师范大学出版社 2004-05 168.00元 ,9.1,本书为当代战史大师富勒将军的传世之作。作者穷30年之工，成就了这部卷帙浩繁的西方战争通史。全书以西方历史上的决定性会战为主结构，详细描述了其经过与影响，同时... ,
https://book.douban.com/subject/26639522/, 当兵 : 华北根据地农民如何走向战场 , 齐小林 四川人民出版社 2015-6-1 46 ,9.0,抗日战争和随后而来的国共内战从未远离我们。对于这两场战争，我们看到更多的是它宏大的一面。然而，战争终究是由普通人承担的，对于战争中的普通人我们却知之甚少。《... ,
https://book.douban.com/subject/3824491/, 父亲的战场 : 中国远征军滇西抗战田野调查笔记 , 章东磐 山西人民出版社 2009-7 32.00元 ,9.0,这是一部关于中国远征军的民间调查纪实作品。它让流落在历史之外的那支部队和那段往事，再一次展现在人们的视线之中。书里的每一个故事，都会让你泪流满面。 关于中国... ,
https://book.douban.com/subject/6090958/, 战争改变历史 : 1500年以来的军事技术、战争及历史进程 , 马克斯·布特 石祥 上海科学技术文献出版社 2011-3 68.00元 ,9.1,《战争改变历史:1500年以来的军事技术、战争及历史进程》从技术革命角度入手，将1500年以来的军事技术、战争与历史的画卷呈现在读者面前。《战争改变历史》由... ,
https://book.douban.com/subject/4011303/, 历史学与社会理论 , [英] 彼得·伯克 姚朋[等] 上海人民出版社 2010-1 30.00元 ,9.1,《历史学与社会理论(第2版)》是英国著名史学家彼得。伯克的经典之作。《历史学与社会理论(第2版)》从各种角度追溯了历史学和社会科学许多领域的兴起过程以及它们... ,
https://book.douban.com/subject/26900359/, 鸟度屏风里 , 周进 重庆出版集团 北京华章同人 2016-11 48 ,9.3,内容简介 屏风是一件特别的物事，在中国古人的政治、文化和日常生活中占据重要地位：远古时代，屏风只是一种遮风避雨的实用工具。进入等级社会后，屏风逐渐演化为一种... ,
https://book.douban.com/subject/2284985/, 黄仁宇全集（全14册） , 黄仁宇 九州出版社 2007-9 498.00元 ,9.4,黄仁字先生以“大历史”（macro-history）史观在国际史学界自成一家之言，成为广受海内外瞩目的史学家。在本书中，他描绘了个人生涯中的逆旅屐痕月旦人物... ,
https://book.douban.com/subject/20537674/, 先知三部曲（全新插图修订本） : 武装的先知：托洛茨基 1879—1921；被解除武装的先知：托洛茨基 1921—19 , [波]伊萨克•多伊彻 王国龙、周任辛、施用勤、张冰、刘虎 中央编译出版社 2013-2 258.00元 ,9.2,这部巨著是迄今为止最全面、最详尽的托洛茨基传记，由波兰思想家伊萨克•多伊彻所著。作者依据大量丰富、可靠和翔实的资料，并结合作者参加共产主义运动的亲身体会，按... ,
https://book.douban.com/subject/3746915/, 资治通鉴 : 传世经典 , 司马光 中华书局 2013-1 788.00元 ,9.6,资治通鉴（文白对照 全十八册），ISBN：9787101067163，作者：（宋）司马光 编撰，沈志华，张宏儒 主编 ,
https://book.douban.com/subject/26895901/, 不忍细看的大汉史 , 墨竹 台海出版社 2016-11-1 39.8 ,9.7,汉朝是中国文化发展的一个高峰，社会经济、政治文化全面发展，对外交往日益频繁，是当时世界上最强盛的国家之一，与罗马并称两大帝国。张骞出使西域首次开辟了著名的“... ,
https://book.douban.com/subject/1056883/, 读通鉴论（上中下册） , 王夫之 舒士彦 注解 中华书局 2004-04 96.00元 ,9.2,《读通鉴论》是明末清初卓越思想家王夫之有关古史评论的代表作之一。 王夫之，字而农，号薑斋，湖南衡阳人，晚年隐居衡阳石船山，学者尊称为船山先 生。生于明万历四... ,
https://book.douban.com/subject/26827318/, 一条改变世界的鱼：鳕鱼往事 , [美]马克·科尔兰斯基 夏业良 中信出版集团股份有限公司 2017-2 45 ,9.4,本书作为《文明的进程》系列之二，揭示了人类发现和食用鳕鱼的历史，和对自然资源枯竭的更深层的忧虑。 作者具有丰富的历史学、社会学知识，著有《盐》、《巴斯克人的... ,
https://book.douban.com/subject/26594136/, 二战史诗三部曲 , [美]科尼利厄斯·瑞恩（Cornelius Ryan） 王义国 等 中信出版社 2015-9 174.00元 ,9.1,● 售出2000万册的全球超级畅销书，震撼36国读者心灵的史诗巨作； ● 全球媒体公认“非虚构文学的创作典范”“战争纪实的巅峰之作”； ● 真实！让历经鲜血... ,
https://book.douban.com/subject/24316388/, 旧史舆地文录 , 辛德勇 中华书局 2013-4-1 66.00元 ,9.3,本书是辛德勇教授的历史地理研究论文集，共收入论文15篇，从传统文献出发，于细节处中发现问题，在梳理古今学者研究的基础上，利用现代地理学知识，独辟蹊径，为前人... ,
https://book.douban.com/subject/1517400/, 清代地方政府 , 瞿同祖 范忠信 法律出版社 2003-06-01 28.00 ,9.2,这是第一本系统、深入研究清代地方政府的作品。本书系统分析了清代州县官的职能及其运作，包括：征税，司法，长随和幕友的使用，对于书吏和衙役的依赖，以及公堂或衙门... ,
https://book.douban.com/subject/26895956/, 不忍细看的大唐史 , 谢国计 台海出版社 2016-11-11 39.8 ,9.8,回味历史，品读人生，以史为鉴，方明得失。正说大唐帝国历史，全景再现了中国历史上最强大帝国的崛起、兴衰和没落。一个激动人心的时代，一段壮阔恢弘的历史，讲述了大... ,
https://book.douban.com/subject/1069507/, 战争风云：1939－1941（上下） , （美）赫尔曼・沃克 施咸荣 陕西师范大学出版社 2004-09 78.00 ,9.1,《战争风云（1939-1941）》及姊妹篇《战争与回忆（1941-1945）》，是现代文学史上全景式展现第二次世界大战真实进程的规程最大的作品。正如作者所言... ,
https://book.douban.com/subject/3418938/, 被遗忘的士兵 : 一个德国士兵的苏德战争回忆录 , [法] 盖伊·萨杰 杨华钢 新华出版社 2009-1-1 36.00 ,9.0,《被遗忘的士兵》以流畅的第一人称文笔，讲述了作者在这3年人类历史空前残酷屠戮中的个人见闻，文字描述生动、翔实，深刻刻画了作者的感受和经历。该书内容极其朴实而... ,
https://book.douban.com/subject/24855510/, 香港簡史 : 從殖民地至特別行政區 , 高馬可 林立偉 香港中華書局 2013-7 HKD 128.00 ,9.1,《香港簡史——從殖民地至特別行政區》是根據英語世界中暢銷的香港歷史讀本A Concise History of Hong Kong翻譯出版，英文版自出版以來... ,
https://book.douban.com/subject/26943411/, 野马尘埃 , 司马香 中国国际图书出版社 2016-7 58.00 ,10.0,《野马尘埃》是司马香作为写作者的首本随文集，辑录了自2010至2015年间的部分文字，话题兼顾读书、成长、写作、社会、情感、旅行等。“野马尘埃”一词，出自《... ,
https://book.douban.com/subject/6827362/, 汉密尔顿 : 美国金融之父 , 罗恩·彻诺 应韶荃、姚晨辉、齐宛基 上海远东出版社 2011-8 128.00元 ,9.5,《汉密尔顿(美国金融之父)》由罗恩·彻诺所著。 《汉密尔顿(美国金融之父)》内容如下： 从在尼维斯岛作为一个私生子来到人间，到躺在威霍肯决斗场的血泊中，亚历... ,
https://book.douban.com/subject/20483520/, 无奈的选择 : 冷战与中苏同盟的命运 , 沈志华 社会科学文献出版社 2013-1 148.00元 ,9.1,中苏同盟关系是对20世纪中国历史进程最具影响的双边关系之一。中苏同盟的形成、发展及最终走向破裂，台上台下上演了一幕幕令人眼花缭乱的历史剧。如要理解20世纪下... ,
https://book.douban.com/subject/26591902/, 中国思想史十讲（上卷） , 金观涛、刘青峰 法律出版社 2015-7-1 58 ,9.2,本书是金观涛、刘青峰两位作者自《观念史研究》后，在国内出版的第二部全新作品。本书根据二位作者主讲的中国思想史讲座讲义整理修改而成，分为上下两卷，上卷包括前六... ,
https://book.douban.com/subject/2981480/, 美国人民：创建一个国家和一种社会（上卷） : 1492-1877年（第6版） , [美] 加里·纳什(Gary B. Nash)、朱莉·罗伊·杰弗里(Julie Roy Jeffrey)、约翰·豪(John R. How)、彼得·弗雷德里克(Peter J. Frederick)、艾伦·戴维斯(Allen F. Davis)、艾伦·温克尔(Allan M. Winkler) 刘德斌 主译 北京大学出版社 2008-1 68.00元 ,9.1,本书为学生提供了一份对美国过往历史的引人深思的描述，追溯了美国社会何以呈现为她今天这种样式，发展到如今的政府形态。行文关注普通的美国民众与特殊事件之间的相互... ,
https://book.douban.com/subject/4322858/, 东南亚的贸易时代 : 1450-1680年-全二册 , [澳]安东尼·瑞德著 吴小安、孙来臣、李塔娜 商务印书馆 2010-4 88.00元 ,9.1,《东南亚的贸易时代:1450-1680年(套装全2册)》包括《（第一卷）季风吹拂下的土地》、《（第二卷）扩张与危机》、笔者对主题与资料试图采用的无所不读、无... ,
https://book.douban.com/subject/26705810/, 中国通史 , 卜宪群 华夏出版社,安徽教育出版社 2016-5-1 CNY 310.00 ,9.0,《中国通史》用一百个专题叙述了从中国境内的人类起源到晚清的中国历史，以历代治乱兴衰的历史经验与教训、统一多民族国家的形成与发展、中华文明的灿烂与辉煌为主线，... ,
https://book.douban.com/subject/10426968/, 中国近代史 , 陈恭禄 中国工人出版社 2012-1 68.00元 ,9.3,本书一书是陈恭禄著作中影响最大的，时至今日，仍被公认为代表民国时代最高学术水准的中国近代史著作，是代表该时期自由主义知识分子独立立场和观点的著作。本书19章... ,
https://book.douban.com/subject/5299857/, 国家记忆 : 美国国家档案馆收藏中缅印战场影像 , 章东磐 主编 山西人民出版社 2010-10 98.00元 ,9.0,《国家记忆：美国国家档案馆收藏中缅印战场影像》 你见过正面战场的小兵张嘎吗？ 你了解创造了无数奇迹的女兵连吗？ 你知道我们的战士连一双草鞋都没有，仍然顽强抗... ,
https://book.douban.com/subject/20473479/, 建元与改元 : 西汉新莽年号研究 , 辛德勇 中华书局 2013-7-1 CNY 47.00 ,9.0,《中华学术文库·建元与改元：西汉新莽年号研究》是研究西汉、新莽时期年号的专著，共分上、中、下三篇，分别对汉武帝时期年号纪年的启用、汉宣帝地节改元以及汉、新莽... ,
https://book.douban.com/subject/3219109/, 中国震撼世界 , <美>杰克.贝尔登 邱应觉、杨海平、胡代岗、周发、茂皎、沈寿源、黄钟青、陈明明、徐凤兰 北京出版社 1980-7 1.95 ,9.0,《中国震撼世界》讲述的是中国解放战争的故事，但是其观察角度和我们以往所熟悉的教科书版、小说版或小人书版大不相同。其主体部分是一个边走边看的记者眼中的解放区农... ,
https://book.douban.com/subject/26722581/, 基督教史 , 胡斯托·L.冈萨雷斯 (Justo L.Gonzalez) 赵城艺 上海三联书店 2016-3-1 CNY 120.00 ,9.0,本书资料丰富，笔触生动，视角独特，观点新颖，可读性极强，堪称当今最受青睐的教会史入门教材。作者摆脱了“西方中心”的倾向，站在普世的高度，对历史上的基督教做了... ,
https://book.douban.com/subject/26940340/, 《布局》 , 何森 东方出版社 40.00元 ,9.6,皇权是封建王朝的核心权力，卧榻之侧岂容他人鼾睡？新旧交替，由谁继承皇统，事关王朝兴亡成败。因此，围绕皇权接班问题，各种政治势力和利益集团都会挖空心思，明争暗... ,
https://book.douban.com/subject/4853094/, 探索现代社会的起源 , 金观涛 社会科学文献出版社 2010-5 28.00元 ,9.0,《探索现代社会的起源》共讲述了有十四节的内容，分别是从马克思到韦伯、现代性的两大要素：工具理性和个人权利、现代性的第三要素：立足于个人的民族认同、系统论的综... ,
https://book.douban.com/subject/26952766/, 西洋镜：清代风俗人物图鉴 , [英]乔治•亨利•梅森 等 赵省伟、丁洋洋 台海出版社 2017-2 88.00元 ,9.0,本书主要包含《中国缩影》《中国刑罚》与附录三个部分。 《中国缩影》首版于1834年，是西方最早介绍中国风俗的代表作之一。收录了20余张精美的版画与4万余字的... ,
https://book.douban.com/subject/3127396/, 中華人民共和國史 第三卷 思考與選擇 : 從知識分子會議到反右派運動（1956-1957） , 沈志華 香港中文大学出版社 2008 HKD 380 ,9.2,在共和國的歷史上，1956-1957年被稱為「多事之秋」。作者充分利用十幾個省市的檔案、俄國解密檔案、當時的報刊雜誌、當事人的口述記錄和回憶錄，以及現有的研... ,
https://book.douban.com/subject/26896028/, 不忍细看的大明史 , 墨竹 台海出版社 2016-11 39.8 ,9.7,明朝，是一个极具诱惑力又欲望膨胀的年代。不仅皇帝们如此，大臣们也是如此：李善长外表温和，但待人苛刻，以营党欲；朱高煦恃功骄恣，凶悍不法，以篡夺欲；王振善于伺... ,
https://book.douban.com/subject/24888083/, 西方文明的文化基因 , (加)梁鹤年 生活·读书·新知三联书店 2013-11 65.00 ,9.0,"西方人对天地、对自己、对别人的看法决定了西方文明，他们“为什么”会有这样的看法？这些“为什么”，就是支配西方文明的文化基因，也就是本书讨论的主题。 在轰轰... ,
https://book.douban.com/subject/26919357/, 独孤伽罗 , 陈峻菁 江苏凤凰文艺出版社 2017-1 49.80元 ,9.1,西魏时期，在经历了七百多年风雨和战乱摧残的长安城中，宇文泰意欲取代元氏称帝，却因忌惮独孤信的军功和人望，对独孤信处处算计制约。 独孤信聪慧貌美的小女儿独孤伽... ,
https://book.douban.com/subject/1393218/, 大明宫词 , 郑重、王要 人民文学出版社 2000-06 29.80元 ,9.1,电视剧《大明宫词》受到了各界的好评，尤其是深受百姓的欢迎，以至在播放之后仍兴意未减。这本剧本版《大明宫词》，保持了电视剧人物对白的原貌，语言优美、古风纯蕴。... ,
https://book.douban.com/subject/25891574/, 甲午海战 , 陈悦 中信出版社 2014-6 68.00 ,9.2,内容介绍： 一场战争惊醒千年大梦，一部历史引发百年反思。120年前的甲午海战，是中国命运的转折点，一战之耻，铭记百年。从沉睡中惊醒的中国，从此走向全新的强国... ,
https://book.douban.com/subject/25915102/, 写给儿童的中国历史 , 陈卫平 新世界出版社 2014-2 355元 ,9.1,最适合孩子的中国历史书 ☆ 鲜活。选配近千张彩图与珍贵文物照片，经过严谨考据，加上写实技法表现历史事件与人物装扮，让孩子身历其境，借以传达正确的历史常识，更... ,
https://book.douban.com/subject/5383582/, 奢华之色 : 明代金银首饰 , 扬之水 中华书局 2011-1 96.00元 ,9.2,明代金银首饰的类型与样式，以全盛的面貌刷新了金银首饰领域的历史，用金银珠宝经营出来的奢华之色，因它的纹样之丰富与制作之精巧而成为书写于盈寸之间的一叶艺术史。... ,
https://book.douban.com/subject/1577734/, 中国古代帝国的形成与结构 : 二十等爵制研究 , (日本)西嶋定生 武尚清 中华书局 2004-10 38.00元 ,9.1,本书作者通过对二十等爵制的研究,论述了秦汉政制的一个重要部分,探考了中国古代中央集权统一封建国家社会政治结构的历史奥秘,开拓了中国政治史研究的一个独特领域,... ,
https://book.douban.com/subject/4293811/, 清稗类钞（全十三册） , 徐珂 编撰 中华书局 2010-02 680.00元 ,9.1,《清稗類鈔》是清末民初徐珂編撰。匯輯野史和當時新聞報刊中關於有清一代的朝野遺聞、以及社會經濟、學術、文化的事蹟，時間上至順治下至宣統，間有上溯天命、天聰、崇... ,
https://book.douban.com/subject/5375977/, 英格兰宪政史 : 梅特兰专题讲义 , [英] F. W. 梅特兰 李红海 中国政法大学出版社 2010-12 39.00元 ,9.1,这是剑桥大学梅特兰教授向学生讲授英格兰宪政史的课堂讲义的译著。原著作者将英格兰公法发展阶段划分为五个阶段，并对每个阶段立法的总体特征、王权、议会、中央及地方... ,
https://book.douban.com/subject/26815874/, 给大家看的国学常识 , 朱自清、胡适、李叔同 哈尔滨出版社 2016-9-30 39.8 ,9.5,《给大家看的国学常识》，是国学大师写给普通读者的国学入门读物，作者朱自清、胡适、梁启超、李叔同等皆为造诣精深的国学大师。《给大家看的国学常识》介绍了国学典籍... ,
https://book.douban.com/subject/10453927/, 吴晓波中国企业史三部曲完整典藏版 : （精装五卷本，吴晓波中国企业史三部曲完整典藏版） , 吴晓波 中信出版社 2012-1-1 358.00元 ,9.1,第一部整体叙述中国商业史的编年体著作 吴晓波中国企业史三部曲完整版 如果把当代放入两千余年的历史之中进行考察，你会惊讶地发现，正在发生的一切，竟似曾相遇，每... ,
https://book.douban.com/subject/26043606/, 美国人 : 从殖民到民主的历程（三部曲 ） , [美]丹尼尔·J·布尔斯廷 时殷弘 谢延光 等 上海译文出版社 2014-12 258 ,9.3,◆余秋雨专文推荐 ◆入选哈佛大学百位教授推荐必读书目 ◆北大、复旦、浙大新生推荐阅读书目 《美国人》（三部曲）是美国著名历史学家、前国会图书馆馆长布尔斯廷最... ,
https://book.douban.com/subject/5392437/, 魏晋南北朝隋唐史三论 : 中国封建社会的形成和前期的变化 , 唐长孺 中华书局 2011-4 46.00元 ,9.2,本书除“绪论”、“综论”外，分三个篇章，分别讨论了魏晋、南北朝、唐代经济、政治、军事及思想学术等问题，提出或解决了魏晋隋唐时期许多前人鲜及的重大问题。本书是... ,
https://book.douban.com/subject/26258175/, 清宫海错图 : 故宫经典 , 故宫博物院 故宫出版社 2014-9-1 CNY 360.00 ,9.5,“海错”一词，是我国古代对于海洋生物、海产品的总称，出典于《尚书·禹贡》：“厥贡盐公式，海物惟错。” 故宫博物院所藏的《海错图》即是一部记录了海洋生物、海产... ,
https://book.douban.com/subject/26944386/, 1916：全球史 : 转折：奠定战后百年政治新格局 , [英] 基斯•杰弗里 徐添 海南出版社 2017-1 58.00 ,9.0,一部了不起的全景式历史著作……写得极其生动，杰弗里自己独到的见解和历史缝隙中的小插曲比比皆是。 ——《华尔街日报》 细节丰富，令人百读不厌……一部详细解读“... ,
https://book.douban.com/subject/21363162/, 詹森艺术史（插图第7版） , H.W.詹森(H.W.Janson)、A.F.詹森(A.F.Janson)、J.E.戴维斯(J.E.Davies)等 艺术史组合翻译实验小组 世界图书出版公司 2013-7 698.00元 ,9.4,◎享誉全球五十载的艺术史划时代巨著 ◎叙述时间跨度最长，门类最齐，插图最丰富的单卷本艺术史 ◎艺术通史著作的典范，畅销半世纪的艺术类图书 本书是一部艺术通史... ,
https://book.douban.com/subject/1024785/, 西方现代思想史 , （美）罗兰・斯特龙伯格 刘北成、赵国新 中央编译出版社 2005-01 68.00 ,9.1,本书中文版是由作者本人授权的唯一完整版本，是威斯康星・密尔沃基大学资深教授罗兰・斯特隆伯格的扛鼎力作。本书问世于20世纪60年代，风行欧美大学，90年代新版... ,
https://book.douban.com/subject/1021677/, 中国一九五七 , 尤凤伟 上海文艺出版社 2001-1 24.00元 ,9.0,本书以罕见的真诚和气概对一九五七年“反右”事件进行了全面的诘问与描述，展现出一代知识分子无端遭劫，身陷囹圄，心灵经受阉割的苦难历程。 作品以北京某大学的整风... ,
https://book.douban.com/subject/1530882/, 恶魔的饱食 : 日本731细菌战部队揭秘 , 森村诚一 学苑出版社 2003年01月 16.00元 ,9.0,本书用第一物资料系统地揭露了日本细菌部队在中国等地建立大规模细菌战研究基地，利用3000多名中国、苏联等国的战俘和平民进行活体实验的历史事实。 ,
https://book.douban.com/subject/1010189/, 金明馆丛稿初编 , 陈寅恪 著、陈美延 编 生活·读书·新知三联书店 2001-6 43.00元 ,9.6,主要内容包括：天师道与滨海地域之关系；述东晋王导之功业；桃花源记旁证；陶渊明之思想与清谈之关系等。 ,
https://book.douban.com/subject/1446869/, 隋唐五代史（上下） , 吕思勉 上海古籍出版社 2005-11-1 88.00元 ,9.1,本次新版《隋唐五代史》(上下)，按作者原稿重新作了校订，全书包括“总论”部分共分十五章，章节顺序，章节标题及删节的正文叙述，均按原稿加以恢复补全。除将原书的... ,
https://book.douban.com/subject/25785039/, 明清社會史論 , 何炳棣 徐泓 聯經 2013-12-12 NT$480 ,9.3,《明清社會史論》已被譽為明清史專家、中央研究院院士 何炳棣最重要的經典鉅著！ 二十世紀五、六〇年代，何炳棣致力於明、清兩朝帝制中國的人口問題、社會結構及階層... ,
https://book.douban.com/subject/3998143/, 中国古代史概要一览图 , 陆季翔 编绘 南京大学出版社 2005-10 5.50 ,9.8,中国专利ZL 953140210 ,
https://book.douban.com/subject/1084229/, 明初以降人口及其相关问题 , 何炳棣 葛剑雄 生活·读书·新知三联书店 2000-11-1 25.00元 ,9.0,中国明清以来6个世纪人口的发展一直是从事历史学、经济学、人口学的学者及思考中国人口与历史、中央地方政权体制运作、人口与土地诸问题的读者关注的重要问题。何炳棣... ,
https://book.douban.com/subject/4145391/, 第三共和国的崩溃 : 1940年法国沦陷之研究 , (美) 威廉·夏伊勒 戴大洪 新星出版社 2010-1 98.00元 ,9.0,第三共和国的崩溃：对1940年法国战败的研究 本书为了说明欧洲大国之一的法国在纳粹法西斯进攻面前为何如此不勘一击，通过对历史的追溯，对第二次世界大战前及发生... ,
https://book.douban.com/subject/26247864/, 中国古代金银首饰 : （全三册） , 扬之水 故宫出版社 2014-9 296.00 ,9.2,《中国古代金银首饰》是扬之水先生潜心研究十余年的一部关于中国古代金银首饰历史、文化、类型、题材、纹样、制作的综合性学术专著。全书共计约35万字，图片3000... ,
https://book.douban.com/subject/3723664/, 西方的遗产 : （全二册·第八版） , [美]唐纳德•卡根、史蒂文•奥兹门特、弗兰克•M.特纳 袁永明 等 上海人民出版社（北京世纪文景） 2009 480.00元 ,9.4,《西方的遗产》由西方史学界多位顶级权威学者撰著，以其充实的资料、明晰的语言深受西方读者的热爱。多年来一版再版，不断修订，堪称西方大学通识教育的典范之作。第八... ,
https://book.douban.com/subject/27012129/, 洋人撬动的中国 , 吴煮冰 中国画报出版社 2017-5 48.00元 ,10.0,洋人改变近代中国的历史，就是半部中国近代史 著名作家、学者汪兆骞、杨早倾情推荐、作序 名家推荐语： 这是反映一个民族历史记忆的文本，一部见证之书。——汪兆骞... ,
https://book.douban.com/subject/1679427/, 抗日战争正面战场（上中下） , 中国第二历史档案馆 江苏古籍出版社 2005-8 220.00元 ,9.4,《抗日战争正面战场》(上中下)(精装)全书分上中下三册。1987年，为纪念「七七」全面抗战爆发五十周年，由中国第二历史档案馆史料编辑部、研究室和《民国档案》... ,
https://book.douban.com/subject/6732223/, 壹玖壹壹 : 从鸦片战争到军阀混战的百年影像史 , [美] 刘香成 世界图书出版公司 2011-10 600.00元 ,9.2,1911年的武昌起义是加速清王朝覆灭的关键，促成了亚洲第一个共和国的建立。为纪念辛亥百年，本书将来自全球的大量珍罕历史图片汇集成册，以独特的视角，帮助历史学... ,
https://book.douban.com/subject/3056221/, 九品官人法研究 , [日]宫崎市定 韩昇、刘建英 中华书局 2008-04 66.00元 ,9.1,《九品官人法的研究》是对中国魏晋南北朝史中重要的铨选制度——九品官人法的里程碑式的研究著作。本书曾获1958年日本最高学术奖——学术院奖。 ,
https://book.douban.com/subject/26883681/, 至简中国史 : 大数据讲述中国大历史 , 弘亿 中国法制出版社 2016-10-15 39.90 ,9.5,这是一本精彩的中国历史入门书，从伏羲神农、春秋争霸、隋唐繁荣到元明易代、清末动荡、中国重生，囊括了上古到今天的历史，全面勾勒出华夏—中华民族族群整体命运兴衰... ,
https://book.douban.com/subject/2353164/, 俄国人（全两册） , [美]赫德里克·史密斯 上海《国际问题资料》翻译组 上海人民出版社（内部发行） 1977 1.10 ,9.1,根据Quadrangle The New York Times Book Co.. New Yort,1976. Hedrick Smith "The Ru... ,
https://book.douban.com/subject/1315167/, 历史的用途与滥用 , （德）弗里德里希・尼采 陈涛、周辉荣 上海人民出版社 2005-05 12.00 ,9.0,《历史的用途与滥用》是德国思想家尼采于1874年出版的一部重要作品，被认为与尼采早期的另一部杰出作品《悲剧的诞生》具有同等重要的意义。尼采在《历史的用途与滥... ,
https://book.douban.com/subject/26857204/, 宋末大变局.下册 , 张生全 广东人民出版社 2016-9-1 39.80 ,9.5,蒙古合罕窝阔台去世后，太后脱列哥那监国，她违背窝阔台遗嘱，为让自己儿子贵由积累战功，窃取汗位，调动大军在四川发起猛攻。四川危在旦夕。理学家阳枋为帮助四川脱困... ,
https://book.douban.com/subject/26957420/, 临高启明 , 吹牛者 新知三联书店 2017-1-3 ,9.0,穿越到乱世不是被雷劈，是他们自己的选择。 有人想称王制霸，有人想解民于倒悬，有人想以己之力，阻止最后一次野蛮对文明的征服，从而改写中华民族的历史。 当然也有... ,
https://book.douban.com/subject/1351151/, China Marches West : The Qing Conquest of Central Eurasia , Peter C. Perdue Belknap Press 2005-4-30 USD 35.00 ,9.1,From about 1600 to 1800, the Qing empire of China expanded to unprecedented si... ,
https://book.douban.com/subject/26794951/, 南宋初期政治史研究 , [日]寺地遵 刘静贞、李今芸 复旦大学出版社 2016-4-1 68.00元 ,9.0,北宋政权崩解后，继起的南宋高宗政权既需要快速有效地清理内部诸政治势力，重建朝廷威权，也必须思考如何应对敌国金压境的威胁。本书作者寺地遵教授引入政治学的“政治... ,
https://book.douban.com/subject/26171466/, 筚路维艰 : 中国社会主义路径的五次选择 , 萧冬连 社会科学文献出版社 2014-10-1 CNY 45.00 ,9.2,《筚路维艰:中国社会主义路径的五次选择》以简明清晰的文字对当代中国的历史轨迹做了逻辑梳理。作者认为，从执政党的建国方略、发展模式和基本政策角度考察，中国社会... ,
https://book.douban.com/subject/2075914/, 陈垣史源学杂文 , 陈垣、陈智超 生活·读书·新知三联书店 2007-05-01 18.00元 ,9.6,《陈垣史源学杂文》是作者结合自己从事史学研究的经验，创设的史源学实习课的范文。书中举例考订《廿二史劄记》、《鲒埼亭集》、《日知录》等史学名著，用以指导学生读... ,
https://book.douban.com/subject/5505258/, Q版大明衣冠图志 , 董进（撷芳主人） 北京邮电大学出版社 2011-1 98.00元 ,9.3,近年来，随着传统文化的升温，大家对中国古代服饰的兴趣也日益浓厚。由于目前中国服饰史研究和普及工作的相对滞后，加上现代古装影视剧中大量毫无依据的造型设计的误导... ,
https://book.douban.com/subject/2025235/, 顾准文集 , 顾准 中国市场出版社 2007-4-1 39.80元 ,9.1,在每一个时代，都有一种统治的权威性学说或工艺制度，但大家必须无条件地承认，唯有违反或超过这种权威的探索和研究，才能保证继续进步。所以权威是不可以没有，权威主... ,
https://book.douban.com/subject/1676627/, 哈佛中国史03•世界性的帝国：唐朝 , [美] 陆威仪 张晓东、冯世明 三辉图书 中信出版社 2016-10 68 ,9.0,【内容简介】 《世界性的帝国：唐朝》是“哈佛中国史”丛书的第三卷。一直以来，唐朝堪称中国的“黄金时代”，它在商业、宗教和文化，尤其是文学创作上所达到的成就，... ,
https://book.douban.com/subject/26552069/, 黑暗之城 : 九龍城寨的日與夜 , Greg Girard、Ian Lambot 林立偉、朱一心 中華書局、圓桌精英 2015-7 港幣468元 ,9.5,傳說中的「三不管」地帶九龍城寨，是一個傳說，是一個謎…… 有將近五十年，九龍城寨這個奇特社群是位於香港中心地帶的黑暗世界。城寨沒有法律、漠視基本服務、規劃條... ,
https://book.douban.com/subject/25816167/, 人文传统（一） : 史前文明——中世纪（全彩插图本） , 格洛丽亚·K.费尔罗 (Gloria K.Fiero) 外语教学与研究出版社 2014-1-1 CNY 120.00 ,9.7,世界数十所大学人文系经典教材 800余幅艺术珍品图像全部自原作拍摄而成，到世界各大博物馆游览一遭的享受 著名教育机构麦格希公司荣誉出品 畅销全球二十余载 外... ,
https://book.douban.com/subject/3031727/, 中国货币史 , 彭信威 上海人民出版社 2007-12 120.00元 ,9.0,《中国货币史》主要内容：新中国建立后，公开宣传马克思主义，提倡运用历史唯物主义和辩证唯物主义的世界观和方法论于学术研究工作，提倡理论联系实际，实事求是，提倡... ,
https://book.douban.com/subject/2054584/, 中国天文考古学 , 冯时 中国社会科学出版社 2011-11 66.00元 ,9.3,本书以考古发掘资料、古代器物和古文献资料为基础，综合考古学、古文字学、古文献学、民族学和天文学研究，系统探讨了中国自新石器时代以降的天文考古学问题，揭示了古... ,
https://book.douban.com/subject/25986829/, 威廉·夏伊勒的二十世纪之旅 , 威廉·夏伊勒 汪小英、邱霜霜、戚凯、卢欣渝 中国青年出版社 2014-8-1 160.00元 ,9.2,夏伊勒三卷本回忆录的第一卷，另两卷是《噩梦年代：1930—1940》《旅人迟归：1945—1988》。 夏伊勒出生于世纪之交的美国中西部小镇，为了逃离那里的... ,
https://book.douban.com/subject/1041622/, 后汉书（全十二册） , [宋] 范晔 撰、[唐] 李贤 等注 中华书局 2000-05 198.00元 ,9.0,《后汉书(繁体竖排版)(套装共12册)》全书主要记述了上起东汉的汉光武帝建武元年（公元25年），下讫汉献帝建安二十五年（公元220年），共196年的史事。《... ,
https://book.douban.com/subject/2140639/, 三才圖會（全三冊） , [明] 王圻、王思義 編集 上海古籍出版社 1988-6 398.00元 ,9.6,《三才图会(上中下)》由明朝王圻、王思懿编著而成，世纪出版集团、上海古籍出版社联合出版、发行，下册附录了全书的图名索引编例以及索引首字笔画四角号码对照表，介... ,
https://book.douban.com/subject/19973698/, 英語的祕密家譜 : 借來的文化、逆勢成長的歷史、強制推銷的人類意識大雜燴 , 亨利·希金斯 林俊宏 大家-木馬文化 2012-10-12 CNY 130.00 ,9.2,學好英語 ≠ 暸解英語 如果你不曾讀過英語的歷史，你也就： A) 無從得知英語強盛的祕密 B) 錯失了英語蘊含的豐沛意象與歷史記憶 翻開英語的家譜，你會驚訝... ,
https://book.douban.com/subject/1322206/, 技术史(Ⅰ-Ⅶ) , 查尔斯·辛格，E. 上海科技教育出版社 2004-12 980.00 ,9.1,我作为常务主编，与查尔斯・辛格(Chales Singer)、DJ．霍姆亚德(E. J. Holmyard)和A-R-霍尔(A. R. Hall)一起与这部... ,
https://book.douban.com/subject/3162991/, 艺术的故事 , [英] 贡布里希 (Sir E.H.Gombrich) 范景中、杨成凯 广西美术出版社 2008-04 280.00 ,9.6,《艺术的故事》概括地叙述了从最早的洞窟绘画到当今的实验艺术的发展历程，以阐明艺术史是“各种传统不断迂回、不断改变的历史，每一件作品在这历史中都既回顾过去又导... ,
https://book.douban.com/subject/1265468/, 廿二史札记校证（上下册） , 赵翼 王树民 校证 中华书局 1984-1-1 88.00元 ,9.3,《廿二史札记校证(订补本)(套装上下册)》是清代史学家赵翼的一部著名的读史札记，为史学工作者必读书之一。《廿二史札记校证(订补本)(套装上下册)》对各朝正史... ,
https://book.douban.com/subject/27012020/, 人类简史 , 房龙 2017-3 42.8 ,9.3,《人类简史：听房龙讲人类的故事》一书共有64章，作者从鸿蒙初辟一直讲到一战结束，对任何真正影响人类文明进程的事件和细节均详加讲述，再现了人类发展史的浩荡长卷... ,
https://book.douban.com/subject/25788139/, 北平历史地理 , 侯仁之 邓辉、申雨平、毛怡 外语教学与研究出版社 2013-11-1 CNY 72.00 ,9.3,《北平历史地理》是侯仁之1949年于英国利物浦大学完成的博士论文。作者在本书中开创性地运用了现代历史地理学的方法，强调自然地理与人文地理分析相结合，文献研究... ,
https://book.douban.com/subject/1597252/, 二十四史全译1-88 , 司马迁[西汉]、班固[东汉]、范晔[南朝]、陈寿[西晋]、房玄龄[唐]、梁沈约[南朝]、梁萧子显[南朝]、姚思廉[唐]、魏收[北齐]、李百药[唐]、令狐德棻[唐]、魏征[唐]、李延寿[唐]、刘昫等[后晋]、欧阳修、宋祁[宋]、薛居正[宋]、脱脱[元]、宋濂[明]、张廷玉[清] 许嘉璐 汉语大词典出版社 2010年1月1日 12000.0 ,9.2,中国是世界上以文字记载历史最长也最完整的国家，记载中国历史的史书，不仅是中国文化的珍贵宝藏，也是世界人民的珍贵宝藏。把从《史记》以来的史书予以整理推广，是时... ,
https://book.douban.com/subject/26857202/, 宋末大变局.中册 , 张生全 广东人民出版社 2016-9-1 39.80 ,9.3,故事再次反转： 在众义士及朝中贤臣的积极努力下，余玠重新出山，再掌四川帅印。为打开局面，重启山城抗蒙方略，余玠、俞兴等将领在小挫蒙军后，决定深入敌后，以九顶... ,
